Title,Note,URL,Tags,Comment
,,,,
"Senior Product Manager, Ads & Monetization",,/search?q=jobs+near+me&ibp=htl;jobs&htidocid=RqGs6wBj11kAAAAAAAAAAA==&jbr=sep:1#fpstate=tldetail&htiq=jobs+near+me&htivrt=jobs,,
Director of Product Management,,/search?q=jobs+near+me&ibp=htl;jobs&htidocid=Nyx6dYc1HL0AAAAAAAAAAA==&jbr=sep:1#fpstate=tldetail&htiq=jobs+near+me&htivrt=jobs,,
"Senior Product Manager, SLI",,/search?q=jobs+near+me&ibp=htl;jobs&htidocid=OWswx7QLhioAAAAAAAAAAA==&jbr=sep:1#fpstate=tldetail&htiq=jobs+near+me&htivrt=jobs,,
"Product Manager, Data Products",,/search?q=jobs+near+me&ibp=htl;jobs&htidocid=2-SSBEesIbwAAAAAAAAAAA==&jbr=sep:1#fpstate=tldetail&htiq=jobs+near+me&htivrt=jobs,,
Product Manager,,/search?q=jobs+near+me&ibp=htl;jobs&htidocid=bGRdL0UQSx4AAAAAAAAAAA==&jbr=sep:1#fpstate=tldetail&htiq=jobs+near+me&htivrt=jobs,,
Product Manager,,/search?q=jobs+near+me&ibp=htl;jobs&htidocid=vw9zmjFDhJ8AAAAAAAAAAA==&jbr=sep:1#fpstate=tldetail&htiq=jobs+near+me&htivrt=jobs,,
Product Manager,,/search?q=jobs+near+me&ibp=htl;jobs&htidocid=qr0Y-Tk4FLEAAAAAAAAAAA==&jbr=sep:1#fpstate=tldetail&htiq=jobs+near+me&htivrt=jobs,,
