Title,Note,URL,Tags,Comment
,,,,
Riko's Pizza,,https://www.google.com/maps/place/Riko's+Pizza/data=!4m2!3m1!1s0x89c27f23dc453093:0xf2ee94107907543c,,
Bangkok Avenue,,https://www.google.com/maps/place/Bangkok+Avenue/data=!4m2!3m1!1s0x89c2895899ae4d09:0xe60f485ff4eb1e95,,
Kin’d,,https://www.google.com/maps/place/Kin%E2%80%99d/data=!4m2!3m1!1s0x89c261a6a33690c9:0x41cac518c3e7dac1,,
Elsie Lane New Hyde Park,,https://www.google.com/maps/place/Elsie+Lane+New+Hyde+Park/data=!4m2!3m1!1s0x89c263231fe9a8e5:0x201db46863bce97,,
Ha Long Bay - Vietnamese Sandwiches,,https://www.google.com/maps/place/Ha+Long+Bay+-+Vietnamese+Sandwiches/data=!4m2!3m1!1s0x89c263f8026d616d:0x6fb272509668438c,,
Mom's touch,,https://www.google.com/maps/place/Mom's+touch/data=!4m2!3m1!1s0x89c289b9a26b064f:0x772a0d3987199138,,
