Title,Note,URL,Tags,Comment
,,,,
141-33 33rd Ave,,https://www.google.com/maps/place/141-33+33rd+Ave/data=!4m2!3m1!1s0x89c2601c15e33f53:0x39bc9fb95090f9a8,,
Korean Evangelical Church-NY,,https://www.google.com/maps/place/Korean+Evangelical+Church-NY/data=!4m2!3m1!1s0x89c25fb2c6d5695f:0x6df193126d838914,,
Aroma Nails Hair,,https://www.google.com/maps/place/Aroma+Nails+Hair/data=!4m2!3m1!1s0x89c287e57b376f39:0xe28a1c29403a63b2,,
ProHEALTH Lake Success Pediatrics,,https://www.google.com/maps/place/ProHEALTH+Lake+Success+Pediatrics/data=!4m2!3m1!1s0x89c2891f56762709:0x53388076d2d4d0dc,,
951 Willis Ave,,https://www.google.com/maps/place/951+Willis+Ave/data=!4m2!3m1!1s0x89c287de906261d9:0xadf22abcc0397450,,
