Title,Note,URL,Tags,Comment
,,,,
Ozakaya,,https://www.google.com/maps/place/Ozakaya/data=!4m2!3m1!1s0x89c25b99c262db71:0xb3dfa96a2c928c71,,
Ursula Brooklyn,,https://www.google.com/maps/place/Ursula+Brooklyn/data=!4m2!3m1!1s0x89c25d94682dff4d:0xae943d66dc6670ab,,
OKDONGSIK New York,,https://www.google.com/maps/place/OKDONGSIK+New+York/data=!4m2!3m1!1s0x89c2591c2849682d:0x25632b3aa278584f,,
Paulie Gee's Slice Shop,,https://www.google.com/maps/place/Paulie+Gee's+Slice+Shop/data=!4m2!3m1!1s0x89c2591a8765c9b5:0xd91c968d7b14ffe9,,
Yoseka Stationery,,https://www.google.com/maps/place/Yoseka+Stationery/data=!4m2!3m1!1s0x89c25f64809cd301:0xb0b6be03b7818cb6,,
Baar Baar,,https://www.google.com/maps/place/Baar+Baar/data=!4m2!3m1!1s0x89c259e3cd42221b:0x9147ec71e8a9e37e,,
Hana Makgeolli Brewery & Tasting Room,,https://www.google.com/maps/place/Hana+Makgeolli+Brewery+%26+Tasting+Room/data=!4m2!3m1!1s0x89c25960c1c2a6a7:0x725b6c10be01c637,,
Recette,,https://www.google.com/maps/place/Recette/data=!4m2!3m1!1s0x89c259ff82c2b9db:0xa3d592735794c548,,
Semma,,https://www.google.com/maps/place/Semma/data=!4m2!3m1!1s0x89c259b83bb399c5:0x85e1948bb3e567c7,,
LittleMad,,https://www.google.com/maps/place/LittleMad/data=!4m2!3m1!1s0x89c259576872878f:0x85713938c92a275b,,
Nudibranch,,https://www.google.com/maps/place/Nudibranch/data=!4m2!3m1!1s0x89c259ef5eb606e5:0xcc25db8d6ca2b23,,
Soothr,,https://www.google.com/maps/place/Soothr/data=!4m2!3m1!1s0x89c25923d7bca4d1:0x5bbeae84d9924f22,,
Rowdy Rooster,,https://www.google.com/maps/place/Rowdy+Rooster/data=!4m2!3m1!1s0x89c2597fe68c8f9b:0xda5625219c34576a,,
Chick Chick,,https://www.google.com/maps/place/Chick+Chick/data=!4m2!3m1!1s0x89c259951508bb55:0x25ddd5407c22641c,,
Tom’s,,https://www.google.com/maps/place/Tom%E2%80%99s/data=!4m2!3m1!1s0x89c25ba0eccc0891:0xc9a68d71f90c2fc0,,
Olmsted,,https://www.google.com/maps/place/Olmsted/data=!4m2!3m1!1s0x89c25ba650aadafd:0xb90c80f36ae5500,,
SHINN EAST,,https://www.google.com/maps/place/SHINN+EAST/data=!4m2!3m1!1s0x89c25922c0fda33d:0x86742905ba29c6c1,,
Petee's Café,,https://www.google.com/maps/place/Petee's+Caf%C3%A9/data=!4m2!3m1!1s0x89c25bf7c11619e7:0xd22f4113e7ce6ef9,,
Eim Khao Mun Kai,,https://www.google.com/maps/place/Eim+Khao+Mun+Kai/data=!4m2!3m1!1s0x89c25fab7dfca20b:0x5336d44f9daac4d2,,
Suki,Japanese curry pork katsu,https://www.google.com/maps/place/Suki/data=!4m2!3m1!1s0x89c25947ab72a123:0x9d33d8df1b9671cc,,
Kimura,"Order hakata matsu nabe set
Gyudon",https://www.google.com/maps/place/Kimura/data=!4m2!3m1!1s0x89c2592392eea247:0xafe2ee4655c7c4f8,,
Jeju Noodle Bar,,https://www.google.com/maps/place/Jeju+Noodle+Bar/data=!4m2!3m1!1s0x89c259ecba3f2cbd:0x7bdf461ece9544c0,,
Village Square Pizza,,https://www.google.com/maps/place/Village+Square+Pizza/data=!4m2!3m1!1s0x89c259ee2c9dac49:0x83c4223c1849748e,,
Hibino,,https://www.google.com/maps/place/Hibino/data=!4m2!3m1!1s0x89c25a450af0570b:0xebbfed9e69f12237,,
Karasu,,https://www.google.com/maps/place/Karasu/data=!4m2!3m1!1s0x89c25bb0cccfffcb:0x5347d087518a28d1,,
Nowon,,https://www.google.com/maps/place/Nowon/data=!4m2!3m1!1s0x89c259ac4080178d:0x5f2796bd79da7a9e,,
Jook Sing,,https://www.google.com/maps/place/Jook+Sing/data=!4m2!3m1!1s0x89c25913f2e11733:0x1cdbbd3e3e03df37,,
Chavela's,,https://www.google.com/maps/place/Chavela's/data=!4m2!3m1!1s0x89c25b9fc87c9227:0x998b2288a5a4938e,,
Public Display of Affection,,https://www.google.com/maps/place/Public+Display+of+Affection/data=!4m2!3m1!1s0x89c25b1d27687263:0xae47db4b297f519b,,
White Gold Butchers,,https://www.google.com/maps/place/White+Gold+Butchers/data=!4m2!3m1!1s0x89c25888e7fb7947:0x42c44aad781460b9,,
Milano Market,,https://www.google.com/maps/place/Milano+Market/data=!4m2!3m1!1s0x89c258a4b144ef1b:0x60f9b05737332682,,
LiLo Coffee Roasters,,https://www.google.com/maps/place/LiLo+Coffee+Roasters/data=!4m2!3m1!1s0x6000e71a9f6e3fd5:0xe2179a06c106d486,,
Deus Ex Machina Cafe Harajuku,,https://www.google.com/maps/place/Deus+Ex+Machina+Cafe+Harajuku/data=!4m2!3m1!1s0x60188ca2c4902fff:0xe67f5f8316b0edad,,
Usagiya,,https://www.google.com/maps/place/Usagiya/data=!4m2!3m1!1s0x60188c1ff35037db:0x6a7de74640adf97a,,
Isetan,,https://www.google.com/maps/place/Isetan/data=!4m2!3m1!1s0x60188cdba56b3bf7:0x8b741cc73341edb5,,
Gyukatsu Motomura,,https://www.google.com/maps/place/Gyukatsu+Motomura/data=!4m2!3m1!1s0x60188b597868619f:0x7c65d128da208a9c,,
Seirinkan,,https://www.google.com/maps/place/Seirinkan/data=!4m2!3m1!1s0x60188b4855c58539:0x3c843f6645d24cd0,,
SAVOY 麻布十番店,,https://www.google.com/maps/place/SAVOY+%E9%BA%BB%E5%B8%83%E5%8D%81%E7%95%AA%E5%BA%97/data=!4m2!3m1!1s0x60188b9e21c65eb1:0x6e98556d60ee756e,,
Shanghai You Garden,,https://www.google.com/maps/place/Shanghai+You+Garden/data=!4m2!3m1!1s0x89c2600e1bf0c21f:0x4211f01da6dcd993,,
Pisillo Italian Panini Chelsea,,https://www.google.com/maps/place/Pisillo+Italian+Panini+Chelsea/data=!4m2!3m1!1s0x89c25986fd483923:0xf583f0c5ecc320bd,,
DOMODOMO,,https://www.google.com/maps/place/DOMODOMO/data=!4m2!3m1!1s0x89c2598df63aab29:0xb9d2ca4867a64bcd,,
Peaches Hot House,,https://www.google.com/maps/place/Peaches+Hot+House/data=!4m2!3m1!1s0x89c25b8ee5931ba3:0xc2ad304bb80d15e0,,
Salt + Charcoal,,https://www.google.com/maps/place/Salt+%2B+Charcoal/data=!4m2!3m1!1s0x89c25960594e4961:0xe1d289c85189ef88,,
Llama Inn,,https://www.google.com/maps/place/Llama+Inn/data=!4m2!3m1!1s0x89c2595a32d4ab0f:0xf582bf1548865748,,
Sasabune,,https://www.google.com/maps/place/Sasabune/data=!4m2!3m1!1s0x89c258c0e1e1e1c5:0xf3e9be7aa4d374ae,,
noda,,https://www.google.com/maps/place/noda/data=!4m2!3m1!1s0x89c259a612981207:0x6697936d9ac4ff2f,,
Win Son,,https://www.google.com/maps/place/Win+Son/data=!4m2!3m1!1s0x89c25bfc4ad8e6e3:0x4a3873012de5123e,,
Lilia,,https://www.google.com/maps/place/Lilia/data=!4m2!3m1!1s0x89c2595bea837025:0x77eb07a48c30f727,,
MáLà Project,,https://www.google.com/maps/place/M%C3%A1L%C3%A0+Project/data=!4m2!3m1!1s0x89c258ffa93224bb:0xc4ee2d7b7d9b534a,,
Shuko,,https://www.google.com/maps/place/Shuko/data=!4m2!3m1!1s0x89c2599907abc57b:0xa7c809960d371b10,,
Sushi Zo,,https://www.google.com/maps/place/Sushi+Zo/data=!4m2!3m1!1s0x89c25991989f7f95:0x218da4b046b1f875,,
Kura,,https://www.google.com/maps/place/Kura/data=!4m2!3m1!1s0x89c2599d5d744299:0x959ec457eab264f7,,
Mo Ran Gak Restaurant,,https://www.google.com/maps/place/Mo+Ran+Gak+Restaurant/data=!4m2!3m1!1s0x80dd287bbcf9731f:0x624c1e64bb460d16,,
ATOMIX,,https://www.google.com/maps/place/ATOMIX/data=!4m2!3m1!1s0x89c259081e80b9dd:0xcbba8bbce70e7645,,
NONONO,,https://www.google.com/maps/place/NONONO/data=!4m2!3m1!1s0x89c2591ca9685707:0x539c610aae88f0b1,,
Jungle Bird,,https://www.google.com/maps/place/Jungle+Bird/data=!4m2!3m1!1s0x89c259f01642ca01:0x8a303e633b540d74,,
Mama's TOO!,,https://www.google.com/maps/place/Mama's+TOO!/data=!4m2!3m1!1s0x89c2f624dd2aefe7:0xb86f14140d256552,,
Seed + Mill,,https://www.google.com/maps/place/Seed+%2B+Mill/data=!4m2!3m1!1s0x89c259bf68562665:0xc9dd251ac0f8fbf6,,
Charles' Country Pan Fried Chicken,,https://www.google.com/maps/place/Charles'+Country+Pan+Fried+Chicken/data=!4m2!3m1!1s0x89c2f67e346dfaef:0xdd49c9fc36bd9d58,,
Adda,,https://www.google.com/maps/place/Adda/data=!4m2!3m1!1s0x89c25ff7a5e3c723:0x2bb730fbe0c20890,,
Via Carota,,https://www.google.com/maps/place/Via+Carota/data=!4m2!3m1!1s0x89c259937f4eb1af:0xe49ad5dc628370bb,,
Russ & Daughters Cafe,,https://www.google.com/maps/place/Russ+%26+Daughters+Cafe/data=!4m2!3m1!1s0x89c25986daaa7ce7:0x7a4f998a3fd281a8,,
Tomoe Sushi,,https://www.google.com/maps/place/Tomoe+Sushi/data=!4m2!3m1!1s0x89c2598e03c365e1:0x15c79c8b940a8589,,
Williamsburg Pizza - Brooklyn,,https://www.google.com/maps/place/Williamsburg+Pizza+-+Brooklyn/data=!4m2!3m1!1s0x89c25be3a9da8645:0xa3d585252a5eec18,,
Hunan Slurp,,https://www.google.com/maps/place/Hunan+Slurp/data=!4m2!3m1!1s0x89c2599d26bbffff:0x1a00e5d7f146cba8,,
Una Pizza Napoletana,,https://www.google.com/maps/place/Una+Pizza+Napoletana/data=!4m2!3m1!1s0x89c25983f90bb601:0xa85e9b098e3afb21,,
Haenyeo,,https://www.google.com/maps/place/Haenyeo/data=!4m2!3m1!1s0x89c25b0071e95555:0x565ba82397d2acb4,,
Gordo's Cantina,,https://www.google.com/maps/place/Gordo's+Cantina/data=!4m2!3m1!1s0x89c258d5c94ea8e1:0x7a05fc1fe16ec0ed,,
Sushi Nakazawa,,https://www.google.com/maps/place/Sushi+Nakazawa/data=!4m2!3m1!1s0x89c2599317340fb3:0xe039cb326a713b70,,
The Smile,,https://www.google.com/maps/place/The+Smile/data=!4m2!3m1!1s0x89c2598549614711:0xeabb687a523e20d4,,
Russ & Daughters,,https://www.google.com/maps/place/Russ+%26+Daughters/data=!4m2!3m1!1s0x89c259838d0451ed:0x28bb3770b1dd464b,,
Williamsburg Pizza - Lower East Side,,https://www.google.com/maps/place/Williamsburg+Pizza+-+Lower+East+Side/data=!4m2!3m1!1s0x89c259870de81673:0x50f7c4dd054d5cfd,,
The Green Street LIC,,https://www.google.com/maps/place/The+Green+Street+LIC/data=!4m2!3m1!1s0x89c259243ec89d13:0xc38d32ae57a0c9ee,,
Kanoyama,,https://www.google.com/maps/place/Kanoyama/data=!4m2!3m1!1s0x89c2599c28f23a43:0x96dd219cb7507f60,,
Casa Enrique,,https://www.google.com/maps/place/Casa+Enrique/data=!4m2!3m1!1s0x89c2592375db86bf:0x3f6b7c610c9f020a,,
Toriko NY,,https://www.google.com/maps/place/Toriko+NY/data=!4m2!3m1!1s0x89c259d5332d8911:0x679298e9e976f834,,
Fish Cheeks,,https://www.google.com/maps/place/Fish+Cheeks/data=!4m2!3m1!1s0x89c259853cdfce81:0x9fddf144feac940,,
Monmouth Coffee,,https://www.google.com/maps/place/Monmouth+Coffee/data=!4m2!3m1!1s0x487604cd2fa45b6b:0x88cf5801f76b8d84,,
Loring Place,,https://www.google.com/maps/place/Loring+Place/data=!4m2!3m1!1s0x89c25997285ad3eb:0x2862f275baa626dc,,
Dishoom King's Cross,,https://www.google.com/maps/place/Dishoom+King's+Cross/data=!4m2!3m1!1s0x48761b3d83fa62a9:0x748dc039292a5e2f,,
Caravan King's Cross,,https://www.google.com/maps/place/Caravan+King's+Cross/data=!4m2!3m1!1s0x48761b4bc00c6fa7:0x4be5779ac5bf142,,
Raviolis Nord est,,https://www.google.com/maps/place/Raviolis+Nord+est/data=!4m2!3m1!1s0x47e66e196c30f525:0x41134873437f807c,,
Le Caveau de la Huchette,,https://www.google.com/maps/place/Le+Caveau+de+la+Huchette/data=!4m2!3m1!1s0x47e671e0e40ae889:0x58cf41bd7258ddf6,,
Sanukiya,,https://www.google.com/maps/place/Sanukiya/data=!4m2!3m1!1s0x47e66e2f886ab119:0x788e359dee972d2,,
Place de l'Opéra,,https://www.google.com/maps/place/Place+de+l'Op%C3%A9ra/data=!4m2!3m1!1s0x47e66e30dcb60c8d:0xdd43c68cb765f948,,
Benedict,,https://www.google.com/maps/place/Benedict/data=!4m2!3m1!1s0x47e66e02d478c909:0xcf7e78542b5e3c4b,,
Moulin Rouge,,https://www.google.com/maps/place/Moulin+Rouge/data=!4m2!3m1!1s0x47e66e4eff6f0c89:0xf44e90af87482111,,
Pierre Sang,,https://www.google.com/maps/place/Pierre+Sang/data=!4m2!3m1!1s0x47e66dfcc1fdf165:0x259b2c0420efb705,,
Sainte-Chapelle,,https://www.google.com/maps/place/Sainte-Chapelle/data=!4m2!3m1!1s0x47e66e1fd8767d47:0x33f441f9dc242768,,
La Belle Hortense,,https://www.google.com/maps/place/La+Belle+Hortense/data=!4m2!3m1!1s0x47e66e02e948e5b1:0x80cd1792457864ab,,
Church of Saint-Ephrem,,https://www.google.com/maps/place/Church+of+Saint-Ephrem/data=!4m2!3m1!1s0x47e671e6596c02bf:0x94112b453b5c9087,,
Théâtre des Champs-Elysées,,https://www.google.com/maps/place/Th%C3%A9%C3%A2tre+des+Champs-Elys%C3%A9es/data=!4m2!3m1!1s0x47e66fdce6f30eb5:0xb159b16e79b0ac15,,
Jacques Genin,,https://www.google.com/maps/place/Jacques+Genin/data=!4m2!3m1!1s0x47e671d4fcc093c3:0x6a772fee5941e6f9,,
Nike Paris,,https://www.google.com/maps/place/Nike+Paris/data=!4m2!3m1!1s0x47e66fdbf1957969:0x592d28403bae6b56,,
Jardin des Tuileries,,https://www.google.com/maps/place/Jardin+des+Tuileries/data=!4m2!3m1!1s0x47e66e2c30000001:0xc219db09e1bfefc7,,
Robert et Louise,,https://www.google.com/maps/place/Robert+et+Louise/data=!4m2!3m1!1s0x47e66e03bac620b7:0xbb056c587250494d,,
Pierre Hermé,,https://www.google.com/maps/place/Pierre+Herm%C3%A9/data=!4m2!3m1!1s0x47e6719ddf0f022d:0xddc4a38d771fe198,,
Merci,,https://www.google.com/maps/place/Merci/data=!4m2!3m1!1s0x47e66e00acdf2c0d:0x2824ff5f89f73725,,
Bocca di Lupo,,https://www.google.com/maps/place/Bocca+di+Lupo/data=!4m2!3m1!1s0x487604d39a05c17d:0x4a3aa39eed0f9cf6,,
Il Blandford`s,,https://www.google.com/maps/place/Il+Blandford%60s/data=!4m2!3m1!1s0x48761ace807c77b7:0x52ba7eec5cfbfb21,,
NAC,,https://www.google.com/maps/place/NAC/data=!4m2!3m1!1s0x4876053286565dc9:0x5e8818df1bc3dea1,,
Monocle Café,,https://www.google.com/maps/place/Monocle+Caf%C3%A9/data=!4m2!3m1!1s0x48761acdb8a7228d:0x5924b62f1ab9bd03,,
The Borough Barista,,https://www.google.com/maps/place/The+Borough+Barista/data=!4m2!3m1!1s0x48760534d0462bf1:0xf0b8ac827b33fd02,,
Breddos Tacos Restaurant,,https://www.google.com/maps/place/Breddos+Tacos+Restaurant/data=!4m2!3m1!1s0x48761b573c707079:0x1c83a5e7f7704d14,,
Pitt Cue,,https://www.google.com/maps/place/Pitt+Cue/data=!4m2!3m1!1s0x487604d51eb8e901:0x24b0becd5f662722,,
BAO,,https://www.google.com/maps/place/BAO/data=!4m2!3m1!1s0x487604d4932fcec5:0xecf6cfbf979a9d8c,,
Zelman Meats,,https://www.google.com/maps/place/Zelman+Meats/data=!4m2!3m1!1s0x487604d34f6bde77:0xbea60be090a43001,,
Boisdale of Belgravia,,https://www.google.com/maps/place/Boisdale+of+Belgravia/data=!4m2!3m1!1s0x487605220da0eb6b:0xd3cfb1f86c27532c,,
St. Paul's Cathedral,,https://www.google.com/maps/place/St.+Paul's+Cathedral/data=!4m2!3m1!1s0x487604aca207bc87:0x3a1d3501a9af5fde,,
All Souls Langham Place,,https://www.google.com/maps/place/All+Souls+Langham+Place/data=!4m2!3m1!1s0x48761ad5a50f9d6f:0x36132d4016e4b13,,
Caffè Panna,,https://www.google.com/maps/place/Caff%C3%A8+Panna/data=!4m2!3m1!1s0x89c259c3202e4ca5:0xcda02870d8b15706,,
