{
  "features": [
    {
      "geometry": {
        "coordinates": [
          -73.7084101,
          40.788668
        ],
        "type": "Point"
      },
      "properties": {
        "address": "20 York Dr, Great Neck, NY 11021, USA",
        "name": "Home"
      },
      "type": "Feature"
    },
    {
      "geometry": {
        "coordinates": [
          -73.6484926,
          40.769458199999995
        ],
        "type": "Point"
      },
      "properties": {
        "address": "949 Willis Ave, Albertson, NY 11507, USA",
        "name": "Work"
      },
      "type": "Feature"
    },
    {
      "geometry": {
        "coordinates": [
          -122.66981919999999,
          45.5564569
        ],
        "type": "Point"
      },
      "properties": {
        "address": "4622 N Haight Ave, Portland, OR 97217, USA",
        "name": "Jane Airbnb"
      },
      "type": "Feature"
    },
    {
      "geometry": {
        "coordinates": [
          -73.9916314,
          40.742605999999995
        ],
        "type": "Point"
      },
      "properties": {
        "address": "53 W 23rd St, New York, NY 10010, USA",
        "name": "Triplelift"
      },
      "type": "Feature"
    },
    {
      "geometry": {
        "coordinates": [
          -73.9591536,
          40.7327412
        ],
        "type": "Point"
      },
      "properties": {
        "address": "67 Huron St, Brooklyn, NY 11222, USA",
        "name": "Kris Mazara"
      },
      "type": "Feature"
    },
    {
      "geometry": {
        "coordinates": [
          -73.8253903,
          40.7683578
        ],
        "type": "Point"
      },
      "properties": {
        "address": "141-33 33rd Ave, Queens, NY 11354, United States",
        "name": "Cornerstone Church"
      },
      "type": "Feature"
    },
    {
      "geometry": {
        "coordinates": [
          -90.0703822,
          29.955404599999998
        ],
        "type": "Point"
      },
      "properties": {
        "address": "Courtyard by Marriott New Orleans French Quarter/Iberville, 910 Iberville St, New Orleans, LA 70112, United States",
        "name": "NOLA Hotel"
      },
      "type": "Feature"
    },
    {
      "geometry": {
        "coordinates": [
          -74.0907996,
          41.7073457
        ],
        "type": "Point"
      },
      "properties": {
        "address": "314 NY-32, New Paltz, NY 12561, United States",
        "name": "np airbnb"
      },
      "type": "Feature"
    },
    {
      "geometry": {
        "coordinates": [
          -122.8028671,
          45.545333299999996
        ],
        "type": "Point"
      },
      "properties": {
        "address": "3545 NW 123rd Pl, Portland, OR 97229, USA",
        "name": "Lucy"
      },
      "type": "Feature"
    },
    {
      "geometry": {
        "coordinates": [
          -122.8690881,
          45.5101818
        ],
        "type": "Point"
      },
      "properties": {
        "address": "18635 SW Honeywood Dr, Beaverton, OR 97006, United States",
        "name": "CJ Paik"
      },
      "type": "Feature"
    },
    {
      "geometry": {
        "coordinates": [
          2.293565,
          48.860385
        ],
        "type": "Point"
      },
      "properties": {
        "address": "Bateaux Parisiens, Port de la Bourdonnais, 75007 Paris, France",
        "name": "Paris’s boat"
      },
      "type": "Feature"
    },
    {
      "geometry": {
        "coordinates": [
          -75.1391766,
          39.961269699999995
        ],
        "type": "Point"
      },
      "properties": {
        "address": "108 Fairmount Ave, Philadelphia, PA 19123, United States",
        "name": "philly airbnb"
      },
      "type": "Feature"
    },
    {
      "geometry": {
        "coordinates": [
          -72.1756039,
          41.019357299999996
        ],
        "type": "Point"
      },
      "properties": {
        "address": "12 Rowman Ct, East Hampton, NY 11937, USA",
        "name": "airbnb hamptons"
      },
      "type": "Feature"
    },
    {
      "geometry": {
        "coordinates": [
          -73.8756228,
          40.7408357
        ],
        "type": "Point"
      },
      "properties": {
        "address": "Korean Evangelical Church-NY, 88-22 Corona Ave., Queens, NY 11373, United States",
        "name": "Hanbit"
      },
      "type": "Feature"
    },
    {
      "geometry": {
        "coordinates": [
          -75.1617435,
          39.9530065
        ],
        "type": "Point"
      },
      "properties": {
        "address": "The Notary Hotel, Philadelphia, Autograph Collection, 21 N Juniper St, Philadelphia, PA 19107, United States",
        "name": "Philly hotel"
      },
      "type": "Feature"
    },
    {
      "geometry": {
        "coordinates": [
          -72.3652195,
          41.1107157
        ],
        "type": "Point"
      },
      "properties": {
        "address": "857 Main St, Greenport, NY 11944, USA",
        "name": "airbnb"
      },
      "type": "Feature"
    },
    {
      "geometry": {
        "coordinates": [
          2.2970606,
          48.8770898
        ],
        "type": "Point"
      },
      "properties": {
        "address": "Renaissance Paris Arc de Triomphe Hotel, 39 Av. de Wagram, 75017 Paris, France",
        "name": "Paris Hotel"
      },
      "type": "Feature"
    },
    {
      "geometry": {
        "coordinates": [
          -73.9126167,
          40.7589835
        ],
        "type": "Point"
      },
      "properties": {
        "address": "31-06 46th St, Long Island City, NY 11103, United States",
        "name": "Eric Lum"
      },
      "type": "Feature"
    }
  ],
  "type": "FeatureCollection"
}